,equal_weight,vol_regime,hmm,buy_and_hold
Total ret (%),1.8600000143051147,-0.28999999165534973,-1.4299999475479126,-11.15
Ann. ret (%),3.25,0.5,-0.6499999761581421,-9.949999809265137
Sharpe,0.256,0.038,-0.041,-0.502
Sortino,0.353,0.053,-0.058,-0.768
MaxDD (%),7.27,8.69,10.18,23.06
Calmar,0.447,0.058,-0.064,-0.431
CVaR 95% (%),-1.886,-1.989,-2.299,-2.832
Omega,1.051,1.007,0.992,0.921
Win rate (%),47.9,45.8,48.9,48.0
