{
  "q33": 0.09371659017640507,
  "q67": 0.13866457627673837,
  "ann": 252
}