{
  "q33": 0.09450670599470096,
  "q67": 0.1433973399813783,
  "ann": 252
}